Generatore,acc,auc,privacy_loss,privacy_adv
CTGAN_no_privacy,0.699,0.8026786666666668,0.30267866666666676,0.6053573333333335
Privacy moderata,0.6116666666666667,0.7037317777777777,0.20373177777777773,0.40746355555555547
Privacy strong,0.49333333333333335,0.49166977777777776,-0.008330222222222239,-0.016660444444444478
