Generatore,acc,auc,privacy_loss,privacy_adv
CTGAN_no_privacy,0.7705627705627706,0.48971797884841367,-0.010282021151586329,-0.020564042303172658
Privacy moderata,0.7792207792207793,0.5621621621621622,0.06216216216216219,0.12432432432432439
Privacy strong,0.7575757575757576,0.49753231492361927,-0.0024676850763807323,-0.004935370152761465
