Generatore,acc,auc,privacy_loss,privacy_adv
CTGAN_no_privacy,0.6936666666666667,0.8082235555555555,0.3082235555555555,0.616447111111111
Privacy moderata,0.6133333333333333,0.6978737777777779,0.19787377777777793,0.39574755555555585
Privacy strong,0.49333333333333335,0.49166977777777776,-0.008330222222222239,-0.016660444444444478
